id	c111	c000	chi2	sha	chain
1	10067	9933	60003.5912	cd81e8eb1078e7652d6a425d0216b515b84472a06117961b7a6e67d3a683d773	6f31f68701b40fcd241b619871db837c860a7b6840ff5dfb139933cae7d239fb
2	9912	10088	60006.1952	ad4ce82bfd7d0e252db53b95b387fb92755e5c35eca2aec904438cb3517e64f8	3bd5bf3b25d407bdd53869cdf10d6f950d33d8c3d139c6ab712c4c30ac611da8
3	10093	9907	60006.9192	0dc7236896dcd2b87fe090bcf8cc1b490d3799c04c05d979c6b8f5d23398bbd9	22759fe15b81ae88b5bbe42b62779d104b2b8d1d533d10d0b1f1aa8098c2810d
4	10143	9857	60016.3592	63f6ff4e369cc08f6435ccdfbc7c005275613bca49c9c5a9bc9532619ceb1836	9c9f9c66ee0fa69a38a4a138f9caea412e4c95182cb787b4a54e4cfa7ae94e0a
5	10100	9900	60008	dfd45b1cc9edc851070d1d451ace8ed8b42e0fa2a82a4518ecc596f6e6fa3ba9	4899550a5601ebfb5aa30a7c1d7b9145c7dcddd3d9deb887a9f288c9656052c9
6	9932	10068	60003.6992	f583fb35ecb429c68d8518ad56630f0e1b8bbe5a479388bfec504ad4d052afd7	8fe2c31837ea7d584701858c055b5c0215917bc201c7a17a37df473e657b0f49
7	10042	9958	60001.4112	4c48ccfa7a8b3dbf7fb4e1f264e3b752316baea5c1a8d7fcde0babe5f0b70eae	2fcd52a62acb7d003ce10343b1b665437f27d331345e6829ae72e599e7e51b5d
8	10002	9998	60000.0032	3163e6136275d768ae8c832c20254336b4201f25917c02b0bd817425d233e3fc	16b0beac69de8435354f93c4e11ef5eb6baddabd778f855749ded23ac7520bef
9	9948	10052	60002.1632	96fbc88f99e35994703a44567d60d3aaca3d4ae7ad9668de37d2854854cfd58a	04505db15a6b788ef98b2124eccbb2d0ef960da8db4ae8abc8170ffa31336469
10	9872	10128	60013.1072	024696172ed1e535ccffc23442f6fc57e4211f5db67b4d574526210676fa0559	72393209e17a3db1180aa1a4f0e420be629eb2da20cb49f7ac95451ffc55b838
11	9806	10194	60030.1088	c65505046c301c264238ef5c414cddda4a1200a421e629c0908e720d6062c1f5	f129c407ef9fc0c17a61df83d82dc0eeda9fd8233ee2041a4b522f026ed49ce1
12	9971	10029	60000.6728	db60c408a7b89e2491fb28164034029a6ed57c4a0e60c7c1b550c13ecaf1c8b9	87881ca49e65ba8e5013fb473717d81a1b653668ed303132683adaeee8f35ddb
13	9902	10098	60007.6832	a120b7e766ee1e7ee488a205287994035e5e61682f964cb0aba03e83a56f464b	d32975f21fe91888aa52181782b61d262625cfadcbd50b52bfee782154bbbe07
14	9952	10048	60001.8432	96b699d0d2177c29a1a03dc4874722b789e40b1a0ca9f5c4690d44a0a7bd6fb5	fd0526d0cac389b0743f0ed6d96695afe75f6b900f6df3380495ece21e603ed4
15	10097	9903	60007.5272	fc7fe2cec22db9f29633130c93eda911f5069cd1dad1394ae886e73a2a6f8a12	40e7b902469d2bb4c517047c4254d2330f765f25348a266a8674def51073f8e5
16	10034	9966	60000.9248	bf0279c8fd7a31a26c8da124799a71b273088c6a2deccff94545eaf8e9542ab2	9ba0460791a68da0d15085fc8dae94cb9c8cb1becb066fdb27ef22571c1e6344
17	10028	9972	60000.6272	812e58bb6597dd107bfed581bfe19aa8fb3d662d8796f3c963df6c137f4d5432	46eda4f4b0e55a4065ddc2d2d3efb70240f0c5cf2cea65ef5fadbc2d41c4a98f
18	9971	10029	60000.6728	7cba129832eb540ccf8068c9ee7721a848025aa948e755150bb17887fa12fb58	c6f89a2eff16c96b884d82ea15e1a2f3619760e3e3f2c3260afcdb7bea97cb8b
19	9907	10093	60006.9192	376d27fbfdaa1f521daab514d132b568103cdef6a5dc5e16f634fb65654c174b	60df99e5e9282a440eaea3b2cde5d272c29cba8990f93a2972119f75f6e9a8b8
20	9998	10002	60000.0032	14865c3fd37c60c3e003c34c5d16574a8cd3f973185242c7521ea7d59ce4fdfd	0f57bcca11755e4ef3dfb7572146987112e6e92cef591351ac246f5d8073a44b
21	10140	9860	60015.68	d6ea6d1d9f024209b62adeb54e02b5802428a364c9dbdab75dab2f9a76e2705c	e8e513eb343da7b3e2a49993e12f8fb52800aa92765f6066b92bd49ae830464b
22	9961	10039	60001.2168	a39c3634076c6e7c96af8df1c8fb3dab41a72fb78b0a2335b3cf834f72532ad2	760d034f2c7ddc8d03ae04bc5a08aa565b0582e0d5c770898e3029c8e7050395
23	10056	9944	60002.5088	0033479cdb8f3cbca4e4be32595c0b73d52839e50fe3613f463ffaef0e70898e	5f51d3b1ce2f1de3b73e09cdf722ec1c8dce07a186f32f8062926a042943a774
24	10129	9871	60013.3128	5a8e82177c8cdd60370d534c4f31d0168a9f772118c17c7219514b4cbba26d54	0803612331004c009e9e13b0348fd84a8025447574eb68eacdbcbdd7201e4c5f
25	9934	10066	60003.4848	843896ca32d493ade72073343e8c565af9615a76d5cb041aab2b4fcad7cdfe93	93d71d9094a9b0f102441d1fe59db3bc54705c254770f372e3dcb57b4ab89cc8
26	10006	9994	60000.0288	ab1649138015cdd6da0cfbe7bc4d43a843d7f180da47340cabc19421d89bcf4f	c7d089cc6c94ac06b65adfc0c7666e318e42de4feac270f6c94e45ac008df3b9
27	10019	9981	60000.2888	7e6cb41a31d9abeb307e77816d19804da2ac554eac995181dd8c07e366047df2	0f845bbe503a75dac2054831e42456bda0a6cea6a9717920726a1d0a65438cdc
28	9958	10042	60001.4112	613b449a868f641331b512a05b0ae4878f7fad360254f1eceaff498b0fe2ee71	09de2516b7fb38c4ab14f14d279ef325e9b7eebadd1afd82df81705670d74604
29	9978	10022	60000.3872	0e18785f5b1049598ffc9484883d1235291cf3a44d9f4d437e6d485110b9ebe6	1fe04b54b6d5d190e8962bc94bb2e8ef2a5741062e9ce9a235412dc890d20eae
30	9951	10049	60001.9208	0259545b1a04738999e98ebfdd268f49a5e07ce3a394ab2f5e3be3a64d1e1054	a2e653eb547c8762e314b2f6cebb6e7b5bc201afe39140b54648cd046028fb13
