id	bytes	sha256
1	2345364	7fd3e3533b0f9400b7c764cb55a49336fcef94d7bd0150a6e02e6330ac0b2893
2	140542	0295ce9515bf7ef3f089a8820bed02b651efb8cc483f07cf523e2a7d9067ca35
3	2554045	f6278f97625d7e95b59e2dcca0338d8dd2b83caa98c8880f6726ad036403406a
4	2625533	c53f4692d837cb746c2b04e6066ae2074c107d9cb4a410b151eb99d492c03a22
5	2511252	8e2eed3f77d6c9d13cd3d84a6db8b75991662aacb8fe212a5423c119296c12b8
7	2744357	bb516cf7ce3d0bc4ea87a1cac93f8b1dd6feda1176d1d63a37c20aad6f6be6a1
8	2697467	7a4bf5c7d45c1e277a6e1fefa17d6e271297cbbf87cda9d77d7cd84df89413e0
9	2597924	74834ef46552bb4532a60d27a62cf1d1d56e027b6ebce2f5c5bab02ede2c463b
10	2795035	3021092ff682c24338b701ae16ffcff0229a6e3dabed6f82efd791caf7673b25
11	2357741	4b7dca8b987aff5dcf384853f54c8245a59efbe9304c967b7d252da5703ef91b
12	2791901	2f0d52f7968815ccd7a372c3daf5d8a91e461fbaf6152b8c97630d87ace68648
13	2377639	ecfd2ab194107ba6e340fd14d3e8194b18cb837f256f373cf732378e0929414d
14	2451609	3f4e52ff63aab48d3acd064680dea44b0427d71e255f87ac855265a08443a55d
15	2514742	c35da9019e9cb10fe1c40deb17df6b83fee4372ca478df256e6d38f410d3e532
16	2406896	6688b043ec1a6ebcc3dc09a1f472cf30d03a01109f5a8cf7d7070e82eae3625a
17	2232467	582f57d4e1c34fc65ee3e4451ef1c7698c3cf202fca3bfdce982187d09eec2dd
18	2461581	e7786278f001b05e5e4ca7c8391b54d7a0c2e37ad3634b7e8c0c0e5c7b07e5c8
19	2418326	b0c7408af7d37c231f476a21ed86ea2caec364a26ba1c1013e0dbda3248cf99a
20	2573183	b44b43fb6cbacbffacb0f68b09f6cd5df738be922a1b6e0ca97584068771bc03
21	2435908	10f0a4c7286feedfde6bddb2ac5681b4742f8c61660a6efde2b9c43f4d34dc2e
22	2237585	1e12928ccd8d304584ca588790d3e3a0e6161eb076ec6defd848c81995eda4b4
23	2439501	cc408bc1a03e2844d69de565abd30bb3d3f31e52584f6dc47471bfeed192a9fb
24	2229252	d84fa47af13991a0fef99c36db1b42a773af0f1ed8c07c7967515270338c370a
25	2018021	7cec79d5443703eb0826163800512fef62e11db1350aa6d1577aacd68a9f5d2f
26	2330158	c58cc4f4ff2dd7a58bf6276b55863768ce89425889c9c6d4c9d7d019f8a07933
27	2685676	d1113b6b738bb6a9a95d4b672062f5c8f019efcbcf5cfc7d884dcbb784a0844e
28	2290702	08801afcccef1712653cb479e1a399d424588d48ee298d82ad990bb6e6d1a1be
29	2680799	b1734eac7389e07d1e038444b801299d85e9823f3a0d3f73b0e8fe5b40a0320e
30	2367905	0df9137b2ec3887add0c7abe689aa186137774193b0ec2fb5f820015b31fdd29
31	2457103	8345bd60b0d422833c514884ffc6e9e4ec5a6de19fd919f0da40d02b071fbff4
32	2499141	0ff193dbe2c78ee72be216081ccdc687fe8300f083ce4a736313a2c325fe6208
33	2229514	2e9b0151b4b5d17dfe402a7b6b2433a6bd6d396f77bf6ce57a67a9b19f9ec40d
34	2347430	299a82dc47867cf4b1eee0b851d2befb5514135365491af765ce483867aa7b81
35	2404316	b8d200772d648af0db8d092900f5b175c8cb7296eb34a4b62271097be61cd39b
36	2475353	4c6a735cf9db692ee6dc6efe5c663fb34bdcb485fa541ac8b01ed55bb3958446
37	2424387	256125287b6d90d69b210a2b2ea01e4cdb9e65a342ecff82c4ee8b491e3e6cd1
38	2395295	80c78111d54626cc53f389a4585d3391d1fbbd7289f9927a75fd59ba8740daf4
39	2441620	314ae576b5602a4be27aef553ab7411baa0bc7fcbc39aacfc44b1800e4180c9d
40	2391995	7a8a9bcdab54c9017282dd16d957486abb0c23f993cd72bcbd8d4acc83b7c676
41	2121624	d5cfca4410392e37e661c4d4daf588f6ef8004821056b92894955516c2c6e762
42	2472928	114b46e133600c3b4f8c57b65a190aef91b1cb95c01b60f5bb9d3a3a95b5ef96
43	2217030	543f9332e0a9d53063f72c0dbaa982feb14f10773f1c44b7a1eefefeeb3eca41
44	2512190	3a929d870ad6d627b4fe58e5c57e2e07f0ce81035075f6357d09c4960715df1a
45	2373068	bfaae649802ac301afe62f785ddbe5f0f1029269e6420c919567779ef1466d94
46	1665369	9135e29182d952ef2550c322222f82d7669708b53082dcff0f19c3a0c7d4cba7
47	2608776	1725d4029839546e8f1214ee430c6d195fc61088c0b143e7ffd11b964a4fd8fa
48	2374243	8ab5bedbcae396cf757c527ecba8bc3e37fb6398ae3aee2b50316507ead3786d
49	2127324	93d97dad40ce1c69cd7ae208e40ce3a902f063431816017056917406117c477c
50	1979138	094cff09f345b77c1363aafc43e0197cf952cf858d452ccedc3f3117ff39f567
51	2062560	64531790a88760b658519c790a3acf37acf5b9eee16d6f6df7c115b4df1e5af0
52	3435423	fbd9f79f4abbabd501ebf7c23b9cbb8ec15ea9c3e8072bae4e282364b70bea14
53	4609593	db18fd016d1b5317d5dbe94c2b985c68ff95dfc04e1efdb2b2622d3e78599857
54	4124689	9b998cb43766ff86cb19c77ece2444374e5adf20251cdd854137c7b7b828d8bf
55	4087742	a763ec224408340688927d881339ebeb317f7223c198a74b51c1484af9d43b8e
56	3861480	296a7af4dfb43979df343c271b37d9313176ee564b92b9e075bcccb91826be74
57	4464687	4c29495b7b831d93cd4d14605c96e8e9fe6feabaf1e86c26f575626cc6869fa6
58	4172375	79a10fefaf2c598d71b677274be76bc855b867b3c2748ebfd9bcad60d2d57011
59	4046241	fbd586747fc5a884fc8f80eb5361c167f43c707f8289e7f17b2542f65004b388
60	5110789	4a22885927758edc95e17074dfe9831d2bc8a5570e20b800e98380242f1fff8e
61	2790329	df2aed5dfb69201604b897177e1f86b6b4fddd8fda63cc14e13ee7bdecc87fda
62	2857115	4e6a410e371421549505507afd1ac528f291c03b695301f5845b1ec3d6693f54
63	2759235	4ed2e96a6b98533b2f53e5e25093211373050f714b7ae486a822b7a3db1fb9d0
64	2823859	4196467468907a2a5bc5e8737b80b6413e355a914d99105a12614f24f0f70ece
65	2481138	d2252b13480dad01c8d7b248c42547e517dccc06a18d3d34961f16f6a4a072a4
66	2628699	a08923a7aba19ae40752533d66c7de9ed51111673ac827bd43b033a2ed513633
67	2578343	a7880d36f265f067e470f87f1a7a98152a2dacb0e47ed92313f1c40a0190c9cc
68	2914999	60bebcae8e6d9f45e5ac8ae875a8159db7e7f5d8b224dafd7ab7e39461fb32d3
69	2604486	18a45fa799b0183dfb47d835572ee87880171eebaa14ddc9a7b8ebf3fdd5ccc0
70	2435856	94dd27051d8e93586aed18fcc8c1e80ad86f408ce18d2cc3277bef046ad9eaaa
71	2417594	fb74f340217422317e2969716ed9c3d559b99579dbaa480d5bcb8975da356a5e
72	2489058	b96f42337867ae0d897ccb560889956a502755894193ffcce443ac12b3ead214
73	2273136	cae295ff01f10dde240183ee1cfa0c4e9b203ab97e838ca6a7d1197a0b9254e2
74	2506172	59599f20365f48d94948d73dd7a3440076bebd9e11e1a8c89b195e530e7dbdaf
75	2720519	cd6ee859cdab705157b275f3966f00ec9f58977e58b630284bc304879915275c
76	2600671	c1803cc3dc3af182d09ccf18b7a06af4a508821d45d97ac9c0368f48c7214a34
77	2672699	d581e536f1580a1e354a19fb9fa398b69a3b09240125997ebb0fc0dd6dcd8232
78	2299734	74b467972db4142d65662fc1617333215ffd095ba5d10b0c14d00d86c0f8f82f
79	2467839	e0640ce6328c466db08383189cda91617b5b7c0f7a676a0756d07b6e6e070946
80	2720702	12f2e83a94a15107af59d6b5d58aeaf260d07b6dd4a03abcfc9f1c8b5423b344
81	2630367	5ebabb45b8a8bbed123ad7dfee5097e45512357bd57fe6d5328aff8b8cc0b399
82	3034017	5c8efac7dd04b7792b1c198bdccedaa1cf22eb7b264d145307be9c0ca2438db6
83	2427844	6834423bc5fdf337bccb5959ca41e0bbfacbc19ad3810ce9507aaf400bea89a5
84	2477385	9273f1b44f1e5bfc5191b2714e9feb4d7403a623616c0026b085bcc51b6f7c01
85	2425029	aac77fd9eff766c5a3823c8b22570602eeda1889a6f80c1149857ab40850d1d9
86	2679815	d9b2e977a295ac85d953388e4950f1d65bfb764c66e3ebc7c083bf5e87711e36
87	2654640	67c6edb832e8d03223966109da09d10139f47d226e883236aca2c282189bec6f
88	2606791	2a83b510804f68c55cc6715a27727589a47240a223774f629febecf397bb0c71
89	2580433	b679f0f5039c6d78013d93bb4c90971c3783c31901af28f965d25c5ba2de032c
90	2136364	4014b8efbb1c023c8112bf101973f05658928eede13fd045925f773281e4c294
91	2469440	c26a17c09c60c083f554739e9e6f02f3e64ebf0d8c2ef06ae257cdffaf398164
92	2591915	6d0b7ec02ce02f6ccf6b7f466298ce62021db7dacd4197940ec62e16d5b7adb1
93	2422778	c7d8a0e2b74b603e1169d4d3d2bb664f856b7ba1bd30d0f1f2bed23d2c051412
94	2454876	f220e34354988a319b75dfd50ae559ff8f86f502f4c0959f1354eac8ceff1bae
95	2489812	525c395d9a74922c6da7b2d4afbe50542d47d76d60d467f043bc825641f08341
96	2540900	02418d2ea322c962f2efc3f4c554809e995ba22c7a70841de658a96128d52a4b
97	2270656	e3bafd97833df61cd41dda52ac4f575a28163311d49dd1530d20fc2b489c1356
98	2552829	5b11a851987c74ee47e9d7e14b5c36e345f90db479fdd8d7ce95b12dab45aa20
99	2938004	8c09fbc68b1b4c03cbdde10b6d6605bd46381d7f6d5764aeab8f6bab8acaed06
100	2818705	ba2e6b1f823a50d8a5fa7ee21576b3476808453862433054a89da8d4b1ea7947
101	2657966	b5622fcc7a23fa251ffaea08e7fd680e2fefb14e5b22dedddbde1479897ff791
102	2921265	db9a7351dcf055acba5d1852934a36c536b4f5181451dbf593e7ba4490b7c7e8
103	2914476	3c671f531e48893b3439899cfb4f784b8f3f258b5abae47ef74fe87958e9d1f5
104	2810626	a503c5402e1450c2b1a34d35b65d9ed858cb135410526d3f84a444fa0d804094
105	2938239	133311ec76a8cfdfbd672e26f808450c0077c50dec61396bfa1914126520a691
106	3001236	a2f5eda5d1613a47db7c75a46dfb4f785c935929a36dd8b1bbfaa8ad2a6b79b0
107	2927154	d6ffa9277d69b2021b7e9fef289fe752c08ddd41702a4b599d72300c6303d5f6
108	2774249	461830ef3c8727539b02637fd01a8e575684f247937c289f52beeb70be93cabd
